time_s,goal_rad_s,speed_rad_s,output
0.0,0.0,0.0,0.0
0.01,0.0,0.0,0.0
0.02,0.0,0.0,0.0
0.03,0.0,0.0,0.0
0.04,0.0,0.0,0.0
0.05,0.0,0.0,0.0
0.06,0.0,0.0,0.0
0.07,0.0,0.0,0.0
0.08,0.0,0.0,0.0
0.09,0.0,0.0,0.0
0.1,0.0,0.0,0.0
0.11,0.0,0.0,0.0
0.12,0.0,0.0,0.0
0.13,0.0,0.0,0.0
0.14,0.0,0.0,0.0
0.15,0.0,0.0,0.0
0.16,0.0,0.0,0.0
0.17,0.0,0.0,0.0
0.18,0.0,0.0,0.0
0.19,0.0,0.0,0.0
0.2,0.0,0.0,0.0
0.21,0.0,0.0,0.0
0.22,0.0,0.0,0.0
0.23,0.0,0.0,0.0
0.24,0.0,0.0,0.0
0.25,0.0,0.0,0.0
0.26,0.0,0.0,0.0
0.27,0.0,0.0,0.0
0.28,0.0,0.0,0.0
0.29,0.0,0.0,0.0
0.3,0.0,0.0,0.0
0.31,0.0,0.0,0.0
0.32,0.0,0.0,0.0
0.33,0.0,0.0,0.0
0.34,0.0,0.0,0.0
0.35000000000000003,0.0,0.0,0.0
0.36,0.0,0.0,0.0
0.37,0.0,0.0,0.0
0.38,0.0,0.0,0.0
0.39,0.0,0.0,0.0
0.4,0.0,0.0,0.0
0.41000000000000003,0.0,0.0,0.0
0.42,0.0,0.0,0.0
0.43,0.0,0.0,0.0
0.44,0.0,0.0,0.0
0.45,0.0,0.0,0.0
0.46,0.0,0.0,0.0
0.47000000000000003,0.0,0.0,0.0
0.48,0.0,0.0,0.0
0.49,0.0,0.0,0.0
0.5,0.0,0.0,0.0
0.51,0.0,0.0,0.0
0.52,0.0,0.0,0.0
0.53,0.0,0.0,0.0
0.54,0.0,0.0,0.0
0.55,0.0,0.0,0.0
0.56,0.0,0.0,0.0
0.5700000000000001,0.0,0.0,0.0
0.58,0.0,0.0,0.0
0.59,0.0,0.0,0.0
0.6,0.0,0.0,0.0
0.61,0.0,0.0,0.0
0.62,0.0,0.0,0.0
0.63,0.0,0.0,0.0
0.64,0.0,0.0,0.0
0.65,0.0,0.0,0.0
0.66,0.0,0.0,0.0
0.67,0.0,0.0,0.0
0.68,0.0,0.0,0.0
0.6900000000000001,0.0,0.0,0.0
0.7000000000000001,0.0,0.0,0.0
0.71,0.0,0.0,0.0
0.72,0.0,0.0,0.0
0.73,0.0,0.0,0.0
0.74,0.0,0.0,0.0
0.75,0.0,0.0,0.0
0.76,0.0,0.0,0.0
0.77,0.0,0.0,0.0
0.78,0.0,0.0,0.0
0.79,0.0,0.0,0.0
0.8,0.0,0.0,0.0
0.81,0.0,0.0,0.0
0.8200000000000001,0.0,0.0,0.0
0.8300000000000001,0.0,0.0,0.0
0.84,0.0,0.0,0.0
0.85,0.0,0.0,0.0
0.86,0.0,0.0,0.0
0.87,0.0,0.0,0.0
0.88,0.0,0.0,0.0
0.89,0.0,0.0,0.0
0.9,0.0,0.0,0.0
0.91,0.0,0.0,0.0
0.92,0.0,0.0,0.0
0.93,0.0,0.0,0.0
0.9400000000000001,0.0,0.0,0.0
0.9500000000000001,0.0,0.0,0.0
0.96,0.0,0.0,0.0
0.97,0.0,0.0,0.0
0.98,0.0,0.0,0.0
0.99,0.0,0.0,0.0
1.0,1.0,0.0,1
1.01,1.0,0.0075,1
1.02,1.0,0.0214125,1
1.03,1.0,0.0407889375,1
1.04,1.0,0.0648022603125,1
1.05,1.0,0.0927316789734375,1
1.06,1.0,0.1239493262777578,1
1.07,1.0,0.15790858552551806,1
1.08,1.0,0.1941338788666587,0.9670393453600096
1.09,1.0,0.23196452829972022,0.9216425660403357
1.1,1.0,0.2707367181131237,0.8751159382642515
1.11,1.0,0.3098703986198163,0.8281555216562203
1.12,1.0,0.3488640200701773,0.7813631759157872
1.1300000000000001,1.0,0.3872891142330548,0.7352530629203342
1.1400000000000001,1.0,0.42478480766404214,0.6902582308031494
1.1500000000000001,1.0,0.4610523394929773,0.6467371926084272
1.16,1.0,0.49584964613211996,0.604980424641456
1.17,1.0,0.5289860656446654,0.5652167212264014
1.18,1.0,0.5603172056217595,0.5276193532538886
1.19,1.0,0.5897400102874674,0.49231198765503914
1.2,1.0,0.6171880551700061,0.4593743337959927
1.21,1.0,0.642627091022328,0.42884749077320644
1.22,1.0,0.6660508527189372,0.4007389767372754
1.23,1.0,0.6874771435675118,0.37502742771898584
1.24,1.0,0.7069442008191381,0.35166695901703426
1.25,1.0,0.7245073441029876,0.33059118707641494
1.26,1.0,0.7402359050117041,0.3117169139859551
1.27,1.0,0.7542104330832939,0.29494748030004725
1.28,1.0,0.7665201709242244,0.2801757948909307
1.29,1.0,0.7772607891571937,0.2672870530113676
1.3,1.0,0.7865323702166571,0.25616115574001147
1.31,1.0,0.7944376287176554,0.24667484553881347
1.32,1.0,0.8010803551520085,0.2387035738175898
1.33,1.0,0.8065640689852182,0.2321231172177382
1.34,1.0,0.8109908668038655,0.22681095983536145
1.35,1.0,0.814460450965111,0.2226474588418668
1.36,1.0,0.8170693241972803,0.21951681096326364
1.37,1.0,0.8189101357655967,0.21730783708128398
1.3800000000000001,1.0,0.8200711651241237,0.21591460185105155
1.3900000000000001,1.0,0.8206359294001332,0.21523688471984018
1.4000000000000001,1.0,0.8206829015787098,0.2151805181055482
1.41,1.0,0.820285326853684,0.21565760777557913
1.42,1.0,0.8195111252681571,0.21658664967821153
1.43,1.0,0.8184228694679839,0.21789255663841928
1.44,1.0,0.8170778271204536,0.21950660745545564
1.45,1.0,0.8155280582955612,0.22136633004532658
1.46,1.0,0.813820558857817,0.2234153293706196
1.47,1.0,0.8119974416630864,0.2256030700042963
1.48,1.0,0.8100961480894795,0.2278846222926246
1.49,1.0,0.8081496831470825,0.23022038022350103
1.5,1.0,0.8061868681027856,0.23257575827665725
1.51,1.0,0.804232605219119,0.2349208737370572
1.52,1.0,0.802308149836355,0.23723022019637396
1.53,1.0,0.8004313856225168,0.23948233725297982
1.54,1.0,0.7986170993744917,0.24165948075061
1.55,1.0,0.7968772522740034,0.2437472972711959
1.56,1.0,0.7952212449841837,0.2457345060189796
1.57,1.0,0.7936561744158451,0.24761259070098585
1.58,1.0,0.7921870803977127,0.24937550352274476
1.59,1.0,0.7908171808525903,0.2510193829768916
1.6,1.0,0.7895480944128431,0.2525422867045882
1.61,1.0,0.7883800497050122,0.2539439403539854
1.62,1.0,0.7873120807964396,0.25522550304427255
1.6300000000000001,1.0,0.7863422085281795,0.2563893497661846
1.6400000000000001,1.0,0.7854676076600724,0.2574388708079131
1.6500000000000001,1.0,0.7846847599275797,0.2583782880869044
1.6600000000000001,1.0,0.7839895932578,0.25921248809063996
1.67,1.0,0.7833776075159993,0.2599468709808009
1.68,1.0,0.7828439872559712,0.26058721529283463
1.69,1.0,0.7823837020295534,0.2611395575645359
1.7,1.0,0.7819915948745603,0.26161008615052767
1.71,1.0,0.7816624596480962,0.2620050484222845
1.72,1.0,0.7813911079054502,0.26233067051345976
1.73,1.0,0.7811724260452185,0.2625930887457378
1.74,1.0,0.7810014234505499,0.2627982918593401
1.75,1.0,0.7808732723559402,0.2629520731728718
1.76,1.0,0.7807833401602191,0.26305999180773704
1.77,1.0,0.7807272148905458,0.2631273421313451
1.78,1.0,0.7807007245005596,0.26315913059932844
1.79,1.0,0.78069995065939,0.263160059208732
1.8,1.0,0.780721237658004,0.2631345148103951
1.81,1.0,0.7807611970262486,0.2630865635685017
1.82,1.0,0.7808167084187164,0.2630199498975403
1.83,1.0,0.7808849172909423,0.2629380992508692
1.84,1.0,0.7809632298500302,0.2628441241799638
1.85,1.0,0.7810493057261727,0.26274083312859275
1.86,1.0,0.7811410487741139,0.26263074147106324
1.87,1.0,0.7812365963768212,0.26251608434781454
1.8800000000000001,1.0,0.7813343075878092,0.26239883089462895
1.8900000000000001,1.0,0.7814327504139716,0.262280699503234
1.9000000000000001,1.0,0.7815306885076453,0.26216317379082565
1.9100000000000001,1.0,0.7816270675051326,0.26204751899384093
1.92,1.0,0.7817210012191688,0.26193479853699747
1.93,1.0,0.7818117578649344,0.2618258905620787
1.94,1.0,0.7818987464732317,0.261721504232122
1.95,1.0,0.7819815036204044,0.2616221956555147
1.96,1.0,0.7820596805824704,0.26152838330103545
1.97,1.0,0.7821330310007436,0.26144036279910765
1.98,1.0,0.7822013991279043,0.2613583210465148
1.99,1.0,0.7822647087069737,0.2612823495516315
2.0,1.0,0.7823229525208956,0.2612124569749253
2.0100000000000002,1.0,0.7823761826373432,0.26114858083518816
2.02,1.0,0.7824245013618676,0.2610905983657589
2.0300000000000002,1.0,0.7824680529024858,0.2610383365170171
2.04,1.0,0.7825070157401873,0.2609915811117752
2.05,1.0,0.7825415956925043,0.26095008516899487
2.06,1.0,0.7825720196511522,0.26091357641861734
2.07,1.0,0.7825985299697046,0.2608817640363545
2.08,1.0,0.7826213794732116,0.260854344632146
2.09,1.0,0.782640827058527,0.26083100752976757
2.1,1.0,0.7826571338517618,0.2608114393778858
2.11,1.0,0.7826705598876654,0.2607953281348015
2.12,1.0,0.7826813612747446,0.26078236647030645
2.13,1.0,0.7826897878095055,0.2607722546285934
2.14,1.0,0.7826960810032536,0.26076470279609565
2.15,1.0,0.7827004724853552,0.2607594330175737
2.16,1.0,0.7827031827476758,0.260756180702789
2.17,1.0,0.7827044201960174,0.2607546957647791
2.18,1.0,0.7827043804757161,0.2607547434291407
2.19,1.0,0.782703246040087,0.2607561047518956
2.2,1.0,0.782701185932074,0.2607585768815111
2.21,1.0,0.7826983557512341,0.260761973098519
2.22,1.0,0.7826948977800247,0.2607661226639704
2.23,1.0,0.7826909412452423,0.26077087050570924
2.24,1.0,0.7826866026923461,0.26077607676918463
2.25,1.0,0.7826819864522757,0.26078161625726914
2.2600000000000002,1.0,0.7826771851822141,0.2607873777813431
2.27,1.0,0.7826722804635408,0.2607932634437511
2.2800000000000002,1.0,0.7826673434419477,0.2607991878696628
2.29,1.0,0.7826624354963492,0.26080507740438097
2.3000000000000003,1.0,0.7826576089247905,0.2608108692902514
2.31,1.0,0.7826529076370439,0.26081651083554735
2.32,1.0,0.7826483678449752,0.2608219585860298
2.33,1.0,0.782644018743059,0.2608271775083292
2.34,1.0,0.7826398831726207,0.26083214019285517
2.35,1.0,0.7826359782644847,0.2608368260826183
2.36,1.0,0.7826323160557166,0.2608412207331401
2.37,1.0,0.7826289040770571,0.26084531510753145
2.38,1.0,0.7826257459084704,0.2608491049098354
2.39,1.0,0.78262284170096,0.260852589958848
2.4,1.0,0.7826201886634587,0.26085577360384954
2.41,1.0,0.7826177815141716,0.2608586621829941
2.42,1.0,0.7826156128962449,0.2608612645245061
2.43,1.0,0.782613673758066,0.2608635914903208
2.44,1.0,0.7826119536988598,0.2608656555613682
2.45,1.0,0.7826104412805537,0.2608674704633356
2.46,1.0,0.7826091243071297,0.26086905083144435
2.47,1.0,0.7826079900728867,0.2608704119125359
2.48,1.0,0.7826070255811851,0.2608715693025779
2.49,1.0,0.7826062177353674,0.26087253871755905
2.5,1.0,0.782605553503622,0.2608733357956535
2.5100000000000002,1.0,0.7826050200596086,0.2608739759284696
2.52,1.0,0.7826046049006817,0.2608744741191819
2.5300000000000002,1.0,0.782604295945544,0.2608748448653471
2.54,1.0,0.7826040816131397,0.2608751020642324
2.5500000000000003,1.0,0.7826039508845518,0.2608752589385378
2.56,1.0,0.7826038933496154,0.2608753279804615
2.57,1.0,0.7826038992398869,0.26087532091213567
2.58,1.0,0.782603959449536,0.26087524866055684
2.59,1.0,0.7826040655456404,0.26087512134523144
2.6,1.0,0.7826042097692751,0.2608749482768698
2.61,1.0,0.7826043850286952,0.2608747379655657
2.62,1.0,0.782604584885818,0.2608744981370184
2.63,1.0,0.7826048035371138,0.2608742357554634
2.64,1.0,0.7826050357899231,0.2608739570520922
2.65,1.0,0.7826052770351231,0.2608736675578523
2.66,1.0,0.7826055232169781,0.2608733721396263
2.67,1.0,0.7826057708009235,0.26087307503889173
2.68,1.0,0.7826060167399461,0.26087277991206465
2.69,1.0,0.7826062584401486,0.2608724898718216
2.7,1.0,0.7826064937260105,0.2608722075287873
2.71,1.0,0.782606720805788,0.26087193503305445
2.72,1.0,0.7826069382374305,0.26087167411508333
2.73,1.0,0.7826071448953337,0.2608714261255996
2.74,1.0,0.7826073399381892,0.2608711920741729
2.75,1.0,0.7826075227781487,0.26087097266622156
2.7600000000000002,1.0,0.7826076930514653,0.2608707683382417
2.77,1.0,0.7826078505907423,0.2608705792911092
2.7800000000000002,1.0,0.7826079953988789,0.26087040552134527
2.79,1.0,0.782608127624769,0.26087024685027727
2.8000000000000003,1.0,0.7826082475407847,0.26087010295105834
2.81,1.0,0.7826083555220493,0.2608699733735408
2.82,1.0,0.7826084520274801,0.2608698575670239
2.83,1.0,0.782608537582571,0.2608697549009148
2.84,1.0,0.7826086127638618,0.26086966468336575
2.85,1.0,0.7826086781850343,0.2608695861779588
2.86,1.0,0.7826087344845618,0.2608695186185258
2.87,1.0,0.7826087823148342,0.26086946122219895
2.88,1.0,0.7826088223326721,0.26086941320079343
2.89,1.0,0.7826088551911425,0.26086937377062897
2.9,1.0,0.7826088815325827,0.2608693421609008
2.91,1.0,0.7826089019827429,0.2608693176207085
2.92,1.0,0.7826089171459538,0.2608692994248554
2.93,1.0,0.7826089276012287,0.26086928687852556
2.94,1.0,0.7826089338992127,0.2608692793209447
2.95,1.0,0.782608936559893,0.2608692761281283
2.96,1.0,0.7826089360709877,0.26086927671481475
2.97,1.0,0.782608932886935,0.260869280535678
2.98,1.0,0.78260892742841,0.26086928708590795
2.99,1.0,0.7826089200822982,0.26086929590124214
3.0,1.0,0.7826089112020609,0.26086930655752694
3.0100000000000002,1.0,0.7826089011084336,0.26086931866987967
3.02,1.0,0.7826088900904012,0.2608693318915185
3.0300000000000002,1.0,0.7826088784063989,0.2608693459123213
3.04,1.0,0.7826088662856934,0.26086936045716796
3.0500000000000003,1.0,0.7826088539299029,0.2608693752841165
3.06,1.0,0.7826088415146186,0.26086939018245764
3.0700000000000003,1.0,0.7826088291910943,0.26086940497068684
3.08,1.0,0.7826088170879746,0.2608694194944305
3.09,1.0,0.7826088053130377,0.2608694336243548
3.1,1.0,0.7826087939549293,0.2608694472540848
3.11,1.0,0.7826087830848698,0.2608694602981562
3.12,1.0,0.7826087727583178,0.2608694726900187
3.13,1.0,0.7826087630165787,0.2608694843801056
3.14,1.0,0.7826087538883468,0.2608694953339838
3.15,1.0,0.782608745391172,0.2608695055305936
3.16,1.0,0.7826087375328461,0.2608695149605847
3.17,1.0,0.782608730312704,0.26086952362475524
3.18,1.0,0.782608723722836,0.26086953153259684
3.19,1.0,0.7826087177492115,0.2608695387009462
3.2,1.0,0.7826087123727126,0.2608695451527449
3.21,1.0,0.7826087075700786,0.26086955091590563
3.22,1.0,0.7826087033147641,0.2608695560222831
3.23,1.0,0.7826086995777121,0.26086956050674553
3.24,1.0,0.7826086963280463,0.2608695644063444
3.25,1.0,0.7826086935336853,0.2608695677595776
3.2600000000000002,1.0,0.7826086911618835,0.26086957060573984
3.27,1.0,0.7826086891797017,0.2608695729843579
3.2800000000000002,1.0,0.7826086875544143,0.26086957493470286
3.29,1.0,0.7826086862538545,0.2608695764953746
3.3000000000000003,1.0,0.7826086852467051,0.26086957770395386
3.31,1.0,0.7826086845027375,0.26086957859671506
3.3200000000000003,1.0,0.7826086839930038,0.2608695792083955
3.33,1.0,0.7826086836899875,0.260869579572015
3.34,1.0,0.7826086835677162,0.2608695797187406
3.35,1.0,0.7826086836018399,0.2608695796777921
3.36,1.0,0.7826086837696797,0.2608695794763843
3.37,1.0,0.7826086840502511,0.2608695791396987
3.38,1.0,0.7826086844242631,0.26086957869088423
3.39,1.0,0.7826086848740994,0.2608695781510807
3.4,1.0,0.7826086853837819,0.26086957753946166
3.41,1.0,0.7826086859389212,0.26086957687329454
3.42,1.0,0.7826086865266555,0.2608695761680134
3.43,1.0,0.7826086871355812,0.26086957543730255
3.44,1.0,0.7826086877556757,0.2608695746931891
3.45,1.0,0.7826086883782165,0.2608695739461402
3.46,1.0,0.7826086889956958,0.260869573205165
3.47,1.0,0.7826086896017338,0.2608695724779194
3.48,1.0,0.7826086901909914,0.26086957177081027
3.49,1.0,0.7826086907590835,0.26086957108909986
3.5,1.0,0.7826086913024929,0.26086957043700854
3.5100000000000002,1.0,0.7826086918184878,0.2608695698178146
3.52,1.0,0.7826086923050408,0.260869569233951
3.5300000000000002,1.0,0.7826086927607521,0.2608695686870975
3.54,1.0,0.7826086931847758,0.26086956817826906
3.5500000000000003,1.0,0.7826086935767512,0.26086956770789854
3.56,1.0,0.7826086939367375,0.260869567275915
3.5700000000000003,1.0,0.7826086942651532,0.2608695668818161
3.58,1.0,0.7826086945627205,0.26086956652473536
3.59,1.0,0.7826086948304132,0.26086956620350416
3.6,1.0,0.7826086950694099,0.2608695659167081
3.61,1.0,0.7826086952810514,0.26086956566273833
3.62,1.0,0.7826086954668018,0.26086956543983786
3.63,1.0,0.7826086956282146,0.2608695652461425
3.64,1.0,0.7826086957669015,0.2608695650797182
3.65,1.0,0.7826086958845062,0.26086956493859254
3.66,1.0,0.7826086959826805,0.26086956482078344
3.67,1.0,0.782608696063064,0.26086956472432316
3.68,1.0,0.7826086961272677,0.2608695646472788
3.69,1.0,0.7826086961768588,0.26086956458776944
3.7,1.0,0.7826086962133493,0.26086956454398086
3.71,1.0,0.7826086962381863,0.2608695645141764
3.72,1.0,0.782608696252745,0.260869564496706
3.73,1.0,0.7826086962583224,0.2608695644900131
3.74,1.0,0.7826086962561344,0.2608695644926387
3.75,1.0,0.7826086962473127,0.2608695645032248
3.7600000000000002,1.0,0.7826086962329039,0.26086956452051535
3.77,1.0,0.78260869621387,0.260869564543356
3.7800000000000002,1.0,0.7826086961910889,0.2608695645706934
3.79,1.0,0.7826086961653566,0.2608695646015721
3.8000000000000003,1.0,0.7826086961373895,0.2608695646351326
3.81,1.0,0.7826086961078278,0.2608695646706066
3.8200000000000003,1.0,0.7826086960772386,0.26086956470731365
3.83,1.0,0.7826086960461202,0.2608695647446558
3.84,1.0,0.7826086960149057,0.26086956478211315
3.85,1.0,0.7826086959839679,0.26086956481923856
3.86,1.0,0.782608695953623,0.2608695648556523
3.87,1.0,0.7826086959241357,0.26086956489103713
3.88,1.0,0.7826086958957228,0.26086956492513264
3.89,1.0,0.7826086958685579,0.26086956495773056
3.9,1.0,0.7826086958427755,0.2608695649886694
3.91,1.0,0.7826086958184753,0.2608695650178297
3.92,1.0,0.7826086957957253,0.2608695650451296
3.93,1.0,0.7826086957745664,0.26086956507052034
3.94,1.0,0.7826086957550151,0.26086956509398185
3.95,1.0,0.7826086957370673,0.2608695651155193
3.96,1.0,0.7826086957207007,0.2608695651351592
3.97,1.0,0.7826086957058782,0.2608695651529461
3.98,1.0,0.7826086956925504,0.2608695651689395
3.99,1.0,0.7826086956806575,0.26086956518321097
4.0,1.0,0.7826086956701317,0.260869565195842
4.01,1.0,0.7726086956608993,0.27286956520692085
4.0200000000000005,1.0,0.7628986956528823,0.28452156521654126
4.03,1.0,0.7535490356459995,0.2957411572248006
4.04,1.0,0.7446158882801686,0.3064609340637977
4.05,1.0,0.7361426316987465,0.3166288419615042
4.0600000000000005,1.0,0.7281611739156415,0.3262065913012302
4.07,1.0,0.7206932203665991,0.33516813556008107
4.08,1.0,0.7137514781640794,0.3434982262031048
4.09,1.0,0.7073407922265318,0.35119104932816186
4.1,1.0,0.7014592099244796,0.3582489480906244
4.11,1.0,0.6960989721863384,0.36468123337639385
4.12,1.0,0.6912474301457394,0.3705030838251127
4.13,1.0,0.6868878873992498,0.37573453512090027
4.14,1.0,0.6830003687890436,0.3803995574531477
4.15,1.0,0.6795623173397177,0.38452521919233873
4.16,1.0,0.6765492215725141,0.3881409341129831
4.17,1.0,0.673935175904053,0.3912777889151363
4.18,1.0,0.6716933772204511,0.3939679473354587
4.19,1.0,0.6697965610112272,0.3962441267865274
4.2,1.0,0.6682173806601887,0.3981391432077736
4.21,1.0,0.6669287336315809,0.3996855196421029
4.22,1.0,0.6659040383677866,0.4009151539586561
4.23,1.0,0.6651174657378534,0.401859041114576
4.24,1.0,0.6645441288517003,0.4025470453779596
4.25,1.0,0.6641602349900295,0.40300771801196456
4.26,1.0,0.6639432033012614,0.40326815603848626
4.2700000000000005,1.0,0.6638717517901783,0.403353897851786
4.28,1.0,0.6639259569738375,0.403288851631395
4.29,1.0,0.6640872894136262,0.4030952527036486
4.3,1.0,0.6643386281524882,0.40279364621701413
4.3100000000000005,1.0,0.6646642568973088,0.40240289172322946
4.32,1.0,0.6650498445916734,0.4019401864899919
4.33,1.0,0.6654824128267868,0.40142110460785585
4.34,1.0,0.6659502923408884,0.40085964919093386
4.3500000000000005,1.0,0.6664430706623105,0.40026831520522743
4.36,1.0,0.6669515327603133,0.39965816068762405
4.37,1.0,0.6674675963826071,0.3990388843408715
4.38,1.0,0.667984243580324,0.39841890770361116
4.39,1.0,0.6684954497511926,0.3978054602985689
4.4,1.0,0.6689961113705737,0.39720466635531154
4.41,1.0,0.6694819734284314,0.3966216318858823
4.42,1.0,0.6699495574486174,0.3960605310616591
4.43,1.0,0.6703960908352677,0.3955246909976787
4.44,1.0,0.6708194381697149,0.3950166741963421
4.45,1.0,0.6712180349700516,0.39453835803593806
4.46,1.0,0.6715908243241847,0.39409101081097836
4.47,1.0,0.6719371967156257,0.3936753639412492
4.48,1.0,0.6722569332790567,0.393291680065132
4.49,1.0,0.6725501526494896,0.39293981682061246
4.5,1.0,0.6728172615041667,0.39261928619500003
4.51,1.0,0.6730589088397544,0.3923293093922947
4.5200000000000005,1.0,0.6732759439783637,0.3920688672259636
4.53,1.0,0.6734693782539699,0.3918367460952361
4.54,1.0,0.6736403502953816,0.39163157964554207
4.55,1.0,0.6737900947924953,0.3914518862490056
4.5600000000000005,1.0,0.6739199146086565,0.39129610246961216
4.57,1.0,0.6740311560830152,0.3911626127003817
4.58,1.0,0.6741251873523232,0.3910497751772122
4.59,1.0,0.674203379511203,0.39095594458655636
4.6000000000000005,1.0,0.6742670904230637,0.3908794914923236
4.61,1.0,0.6743176509901189,0.39081881881185737
4.62,1.0,0.6743563536899824,0.39077237557202116
4.63,1.0,0.6743844431876805,0.39073866817478337
4.64,1.0,0.6744031088352984,0.39071626939764187
4.65,1.0,0.6744134788765248,0.3907038253481702
4.66,1.0,0.6744166161797964,0.3907000605842443
4.67,1.0,0.6744135153312841,0.39070378160245905
4.68,1.0,0.674405100927375,0.3907138788871499
4.69,1.0,0.6743922269153583,0.39072932770157004
4.7,1.0,0.6743756768405272,0.3907491877913673
4.71,1.0,0.6743561648676936,0.3907726021587677
4.72,1.0,0.6743343374550103,0.3907987950539877
4.73,1.0,0.6743107755679016,0.390827069318518
4.74,1.0,0.6742859973306752,0.3908568032031898
4.75,1.0,0.6742604610229507,0.3908874467724592
4.76,1.0,0.674234568337313,0.3909185179952244
4.7700000000000005,1.0,0.6742086678234995,0.39094959861180056
4.78,1.0,0.6741830584529342,0.3909803298564789
4.79,1.0,0.6741579932454658,0.3910104081054411
4.8,1.0,0.6741336829077388,0.39103958051071347
4.8100000000000005,1.0,0.6741102994396988,0.39106764067236144
4.82,1.0,0.674087979672298,0.3910944243932423
4.83,1.0,0.6740668287055205,0.3911198055533754
4.84,1.0,0.6740469232213953,0.3911436921343257
4.8500000000000005,1.0,0.6740283146517118,0.3911660224179459
4.86,1.0,0.6740110321847135,0.3911867613783438
4.87,1.0,0.6739950855991382,0.3912058972810341
4.88,1.0,0.6739804679176173,0.39122343849885916
4.89,1.0,0.6739671578746607,0.3912394105504072
4.9,1.0,0.6739551221972667,0.39125385336327995
4.91,1.0,0.6739443176986328,0.3912668187616406
4.92,1.0,0.67393469318752,0.391278368174976
4.93,1.0,0.6739261911975842,0.3912885705628989
4.94,1.0,0.6739187495424421,0.3912975005490694
4.95,1.0,0.6739123027034196,0.39130523675589646
4.96,1.0,0.6739067830578686,0.3913118603305577
4.97,1.0,0.673902121956643,0.39131745365202836
4.98,1.0,0.6738982506598407,0.3913220992081912
4.99,1.0,0.6738951011402445,0.39132587863170654
5.0,1.0,0.673892606764078,0.39132887188310633
5.01,1.0,0.6738907028587283,0.391331156569526
5.0200000000000005,1.0,0.6738893271770156,0.3913328073875813
5.03,1.0,0.6738884202674112,0.3913338956791065
5.04,1.0,0.6738879257593503,0.3913344890887796
5.05,1.0,0.6738877905724555,0.3913346513130534
5.0600000000000005,1.0,0.67388796505811,0.391334441930268
5.07,1.0,0.6738884030813904,0.3913339163023315
5.08,1.0,0.6738890620509174,0.39133312553889915
5.09,1.0,0.6738899029037012,0.39133211651555855
5.1000000000000005,1.0,0.6738908900515708,0.3913309319381151
5.11,1.0,0.6738919912952759,0.39132961044566894
5.12,1.0,0.6738931777118573,0.39132818674577124
5.13,1.0,0.6738944235203895,0.39132669177553253
5.14,1.0,0.6738957059307215,0.39132515288313424
5.15,1.0,0.6738970049793778,0.39132359402474665
5.16,1.0,0.6738983033563377,0.39132203597239473
5.17,1.0,0.673899586225983,0.3913204965288204
5.18,1.0,0.6739008410451051,0.3913189907458739
5.19,1.0,0.6739020573804835,0.39131753114341983
5.2,1.0,0.6739032267281949,0.3913161279261661
5.21,1.0,0.6739043423364832,0.39131478919622015
5.22,1.0,0.6739053990337209,0.3913135211595349
5.23,1.0,0.6739063930627145,0.3913123283247426
5.24,1.0,0.6739073219223553,0.3913112136931737
5.25,1.0,0.6739081842173901,0.3913101789391319
5.26,1.0,0.6739089795168824,0.39130922457974104
5.2700000000000005,1.0,0.673909708221753,0.39130835013389637
5.28,1.0,0.6739103714416294,0.39130755427004477
5.29,1.0,0.6739109708810946,0.3913068349426864
5.3,1.0,0.6739115087353035,0.3913061895176358
5.3100000000000005,1.0,0.6739119875948316,0.391305614886202
5.32,1.0,0.6739124103595364,0.3913051075685563
5.33,1.0,0.6739127801611361,0.3913046638066367
5.34,1.0,0.6739131002941547,0.3913042796470143
5.3500000000000005,1.0,0.6739133741548354,0.39130395101419746
5.36,1.0,0.6739136051875886,0.39130367377489367
5.37,1.0,0.6739137968385172,0.3913034437937794
5.38,1.0,0.6739139525155454,0.3913032569813455
5.39,1.0,0.6739140755546684,0.3913031093343979
5.4,1.0,0.6739141691918377,0.3913029969697948
5.41,1.0,0.6739142365400042,0.39130291615199503
5.42,1.0,0.6739142805708469,0.3913028633149837
5.43,1.0,0.6739143041007298,0.39130283507912417
5.44,1.0,0.673914309780446,0.3913028282634648
5.45,1.0,0.6739143000883275,0.39130283989400694
5.46,1.0,0.6739142773263201,0.39130286720841584
5.47,1.0,0.6739142436186462,0.3913029076576246
5.48,1.0,0.6739142009127013,0.39130295890475847
5.49,1.0,0.6739141509818575,0.39130301882177104
5.5,1.0,0.6739140954298676,0.3913030854841589
5.51,1.0,0.6739140356965927,0.39130315716408876
5.5200000000000005,1.0,0.6739139730647987,0.3913032323222415
5.53,1.0,0.6739139086677902,0.3913033095986517
5.54,1.0,0.6739138434976758,0.391303387802789
5.55,1.0,0.6739137784140794,0.3913034659031047
5.5600000000000005,1.0,0.6739137141531336,0.39130354301623965
5.57,1.0,0.6739136513366115,0.39130361839606614
5.58,1.0,0.6739135904810728,0.39130369142271265
5.59,1.0,0.6739135320069161,0.3913037615917007
5.6000000000000005,1.0,0.6739134762472471,0.39130382850330353
5.61,1.0,0.6739134234564876,0.3913038918522148
5.62,1.0,0.6739133738186618,0.3913039514176058
5.63,1.0,0.6739133274553115,0.39130400705362617
5.64,1.0,0.6739132844330026,0.3913040586803969
5.65,1.0,0.6739132447703932,0.3913041062755282
5.66,1.0,0.673913208444846,0.3913041498661847
5.67,1.0,0.6739131753985736,0.3913041895217116
5.68,1.0,0.6739131455443115,0.39130422534682624
5.69,1.0,0.6739131187705221,0.3913042574753735
5.7,1.0,0.6739130949461366,0.3913042860646361
5.71,1.0,0.6739130739248456,0.39130431129018534
5.72,1.0,0.6739130555489528,0.3913043333412567
5.73,1.0,0.6739130396528117,0.391304352416626
5.74,1.0,0.6739130260658635,0.39130436872096386
5.75,1.0,0.6739130146152978,0.39130438246164256
5.76,1.0,0.6739130051283619,0.39130439384596566
5.7700000000000005,1.0,0.6739129974343382,0.39130440307879416
5.78,1.0,0.673912991366218,0.3913044103605384
5.79,1.0,0.6739129867620933,0.391304415885488
5.8,1.0,0.6739129834662925,0.391304419840449
5.8100000000000005,1.0,0.6739129813302808,0.3913044224036631
5.82,1.0,0.6739129802133526,0.39130442374397695
5.83,1.0,0.673912979983133,0.39130442402024035
5.84,1.0,0.6739129805159138,0.3913044233809035
5.8500000000000005,1.0,0.6739129816968402,0.3913044219637917
5.86,1.0,0.673912983419971,0.3913044198960348
5.87,1.0,0.673912985588226,0.3913044172941288
5.88,1.0,0.6739129881132401,0.3913044142641119
5.89,1.0,0.6739129909151373,0.39130441090183515
5.9,1.0,0.6739129939222402,0.3913044072933117
5.91,1.0,0.6739129970707252,0.3913044035151298
5.92,1.0,0.6739130003042376,0.39130439963491487
5.93,1.0,0.6739130035734758,0.391304395711829
5.94,1.0,0.6739130068357526,0.39130439179709686
5.95,1.0,0.6739130100545438,0.39130438793454736
5.96,1.0,0.6739130131990301,0.3913043841611639
5.97,1.0,0.6739130162436382,0.39130438050763416
5.98,1.0,0.6739130191675878,0.3913043769988946
5.99,1.0,0.6739130219544474,0.39130437365466314
6.0,1.0,0.6739130245917032,0.39130437048995614
6.01,1.0,0.6739130270703455,0.3913043675155854
6.0200000000000005,1.0,0.6739130293844723,0.3913043647386332
6.03,1.0,0.6739130315309146,0.39130436216290243
6.04,1.0,0.6739130335088834,0.39130435978933986
6.05,1.0,0.6739130353196395,0.39130435761643256
6.0600000000000005,1.0,0.673913036966187,0.3913043556405756
6.07,1.0,0.6739130384529903,0.3913043538564116
6.08,1.0,0.6739130397857148,0.3913043522571422
6.09,1.0,0.6739130409709904,0.3913043508348116
6.1000000000000005,1.0,0.6739130420161977,0.3913043495805627
6.11,1.0,0.6739130429292768,0.39130434848486784
6.12,1.0,0.6739130437185553,0.39130434753773363
6.13,1.0,0.6739130443925984,0.391304346728882
6.140000000000001,1.0,0.6739130449600753,0.3913043460479096
6.15,1.0,0.6739130454296459,0.3913043454844249
6.16,1.0,0.6739130458098618,0.39130434502816586
6.17,1.0,0.6739130461090835,0.39130434466909975
6.18,1.0,0.6739130463354117,0.39130434439750594
6.19,1.0,0.6739130464966309,0.391304344204043
6.2,1.0,0.673913046600165,0.3913043440798019
6.21,1.0,0.6739130466530437,0.3913043440163475
6.22,1.0,0.6739130466618772,0.3913043440057473
6.23,1.0,0.6739130466328404,0.39130434404059156
6.24,1.0,0.6739130465716635,0.3913043441140038
6.25,1.0,0.6739130464836303,0.39130434421964366
6.26,1.0,0.67391304637358,0.391304344351704
6.2700000000000005,1.0,0.6739130462459157,0.3913043445049011
6.28,1.0,0.6739130461046157,0.3913043446744612
6.29,1.0,0.6739130459532477,0.3913043448561027
6.3,1.0,0.6739130457949873,0.3913043450460152
6.3100000000000005,1.0,0.6739130456326368,0.39130434524083585
6.32,1.0,0.6739130454686458,0.391304345437625
6.33,1.0,0.6739130453051342,0.391304345633839
6.34,1.0,0.6739130451439138,0.3913043458273034
6.3500000000000005,1.0,0.6739130449865124,0.39130434601618513
6.36,1.0,0.6739130448341958,0.39130434619896504
6.37,1.0,0.6739130446879911,0.3913043463744107
6.38,1.0,0.6739130445487086,0.39130434654154966
6.390000000000001,1.0,0.6739130444169638,0.3913043466996435
6.4,1.0,0.6739130442931974,0.39130434684816306
6.41,1.0,0.673913044177696,0.39130434698676475
6.42,1.0,0.6739130440706101,0.3913043471152678
6.43,1.0,0.6739130439719719,0.39130434723363366
6.44,1.0,0.673913043881712,0.3913043473419456
6.45,1.0,0.6739130437996744,0.39130434744039067
6.46,1.0,0.673913043725631,0.3913043475292428
6.47,1.0,0.6739130436592939,0.39130434760884725
6.48,1.0,0.673913043600328,0.39130434767960637
6.49,1.0,0.673913043548361,0.39130434774196676
6.5,1.0,0.6739130435029931,0.39130434779640827
6.51,1.0,0.6739130434638056,0.3913043478434332
6.5200000000000005,1.0,0.6739130434303687,0.3913043478835575
6.53,1.0,0.6739130434022473,0.3913043479173032
6.54,1.0,0.6739130433790074,0.39130434794519114
6.55,1.0,0.6739130433602205,0.3913043479677354
6.5600000000000005,1.0,0.6739130433454682,0.3913043479854382
6.57,1.0,0.6739130433343452,0.3913043479987857
6.58,1.0,0.6739130433264623,0.39130434800824526
6.59,1.0,0.6739130433214484,0.3913043480142619
6.6000000000000005,1.0,0.6739130433189523,0.3913043480172572
6.61,1.0,0.673913043318644,0.3913043480176272
6.62,1.0,0.6739130433202152,0.39130434801574177
6.63,1.0,0.67391304332338,0.391304348011944
6.640000000000001,1.0,0.6739130433278749,0.39130434800655006
6.65,1.0,0.6739130433334588,0.3913043479998494
6.66,1.0,0.6739130433399122,0.39130434799210534
6.67,1.0,0.6739130433470369,0.3913043479835557
6.68,1.0,0.6739130433546555,0.3913043479744134
6.69,1.0,0.6739130433626099,0.39130434796486807
6.7,1.0,0.6739130433707609,0.39130434795508695
6.71,1.0,0.6739130433789865,0.3913043479452162
6.72,1.0,0.6739130433871816,0.39130434793538205
6.73,1.0,0.6739130433952564,0.39130434792569235
6.74,1.0,0.6739130434031351,0.3913043479162379
6.75,1.0,0.673913043410755,0.391304347907094
6.76,1.0,0.6739130434180653,0.3913043478983216
6.7700000000000005,1.0,0.6739130434250262,0.39130434788996854
6.78,1.0,0.6739130434316074,0.3913043478820711
6.79,1.0,0.6739130434377872,0.3913043478746553
6.8,1.0,0.673913043443552,0.39130434786773766
6.8100000000000005,1.0,0.6739130434488944,0.3913043478613268
6.82,1.0,0.6739130434538132,0.3913043478554242
6.83,1.0,0.6739130434583122,0.3913043478500254
6.84,1.0,0.6739130434623994,0.39130434784512064
6.8500000000000005,1.0,0.6739130434660867,0.39130434784069595
6.86,1.0,0.6739130434693885,0.3913043478367338
6.87,1.0,0.6739130434723218,0.3913043478332138
6.88,1.0,0.6739130434749054,0.3913043478301135
6.890000000000001,1.0,0.6739130434771595,0.3913043478274086
6.9,1.0,0.6739130434791051,0.3913043478250739
6.91,1.0,0.6739130434807636,0.3913043478230836
6.92,1.0,0.6739130434821571,0.3913043478214115
6.93,1.0,0.6739130434833072,0.3913043478200314
6.94,1.0,0.6739130434842353,0.3913043478189176
6.95,1.0,0.6739130434849625,0.39130434781804496
6.96,1.0,0.673913043485509,0.39130434781738926
6.97,1.0,0.6739130434858942,0.39130434781692697
6.98,1.0,0.6739130434861368,0.39130434781663587
6.99,1.0,0.6739130434862542,0.39130434781649487
7.0,1.0,0.673913043486263,0.3913043478164844
7.01,1.0,0.6739130434861785,0.39130434781658574
7.0200000000000005,1.0,0.673913043486015,0.39130434781678197
7.03,1.0,0.6739130434857856,0.39130434781705725
7.04,1.0,0.6739130434855024,0.3913043478173971
7.05,1.0,0.6739130434851762,0.3913043478177885
7.0600000000000005,1.0,0.6739130434848171,0.3913043478182195
7.07,1.0,0.6739130434844337,0.39130434781867957
7.08,1.0,0.6739130434840339,0.3913043478191593
7.09,1.0,0.6739130434836247,0.39130434781965034
7.1000000000000005,1.0,0.6739130434832121,0.39130434782014545
7.11,1.0,0.6739130434828015,0.3913043478206382
7.12,1.0,0.673913043482397,0.3913043478211236
7.13,1.0,0.6739130434820026,0.3913043478215968
7.140000000000001,1.0,0.6739130434816215,0.3913043478220542
7.15,1.0,0.673913043481256,0.39130434782249274
7.16,1.0,0.6739130434809082,0.3913043478229102
7.17,1.0,0.6739130434805795,0.39130434782330464
7.18,1.0,0.6739130434802709,0.3913043478236749
7.19,1.0,0.6739130434799833,0.39130434782402007
7.2,1.0,0.6739130434797167,0.3913043478243399
7.21,1.0,0.6739130434794715,0.39130434782463425
7.22,1.0,0.6739130434792472,0.39130434782490336
7.23,1.0,0.6739130434790436,0.3913043478251477
7.24,1.0,0.6739130434788599,0.39130434782536805
7.25,1.0,0.6739130434786956,0.3913043478255652
7.26,1.0,0.6739130434785497,0.3913043478257403
7.2700000000000005,1.0,0.6739130434784213,0.39130434782589446
7.28,1.0,0.6739130434783093,0.39130434782602885
7.29,1.0,0.6739130434782127,0.39130434782614476
7.3,1.0,0.6739130434781304,0.3913043478262435
7.3100000000000005,1.0,0.6739130434780614,0.39130434782632634
7.32,1.0,0.6739130434780044,0.3913043478263947
7.33,1.0,0.6739130434779586,0.39130434782644974
7.34,1.0,0.6739130434779227,0.39130434782649276
7.3500000000000005,1.0,0.6739130434778958,0.391304347826525
7.36,1.0,0.673913043477877,0.39130434782654766
7.37,1.0,0.6739130434778652,0.39130434782656176
7.38,1.0,0.6739130434778596,0.3913043478265684
7.390000000000001,1.0,0.6739130434778595,0.3913043478265686
7.4,1.0,0.6739130434778641,0.3913043478265631
7.41,1.0,0.6739130434778725,0.391304347826553
7.42,1.0,0.6739130434778842,0.391304347826539
7.43,1.0,0.6739130434778985,0.3913043478265218
7.44,1.0,0.673913043477915,0.391304347826502
7.45,1.0,0.6739130434779331,0.3913043478264802
7.46,1.0,0.6739130434779524,0.39130434782645707
7.47,1.0,0.6739130434779725,0.3913043478264329
7.48,1.0,0.6739130434779931,0.39130434782640827
7.49,1.0,0.6739130434780138,0.3913043478263834
7.5,1.0,0.6739130434780344,0.39130434782635876
7.51,1.0,0.6739130434780547,0.39130434782633433
7.5200000000000005,1.0,0.6739130434780745,0.39130434782631063
7.53,1.0,0.6739130434780936,0.3913043478262877
7.54,1.0,0.6739130434781119,0.3913043478262657
7.55,1.0,0.6739130434781293,0.39130434782624485
7.5600000000000005,1.0,0.6739130434781457,0.3913043478262251
7.57,1.0,0.6739130434781612,0.3913043478262066
7.58,1.0,0.6739130434781755,0.3913043478261894
7.59,1.0,0.6739130434781888,0.3913043478261734
7.6000000000000005,1.0,0.673913043478201,0.39130434782615875
7.61,1.0,0.6739130434782122,0.3913043478261453
7.62,1.0,0.6739130434782223,0.39130434782613316
7.63,1.0,0.6739130434782314,0.3913043478261223
7.640000000000001,1.0,0.6739130434782397,0.3913043478261124
7.65,1.0,0.6739130434782469,0.39130434782610374
7.66,1.0,0.6739130434782532,0.39130434782609613
7.67,1.0,0.6739130434782588,0.39130434782608947
7.68,1.0,0.6739130434782635,0.39130434782608375
7.69,1.0,0.6739130434782676,0.3913043478260788
7.7,1.0,0.6739130434782711,0.3913043478260747
7.71,1.0,0.6739130434782739,0.3913043478260714
7.72,1.0,0.6739130434782761,0.3913043478260687
7.73,1.0,0.6739130434782779,0.39130434782606655
7.74,1.0,0.6739130434782792,0.391304347826065
7.75,1.0,0.6739130434782801,0.3913043478260639
7.76,1.0,0.6739130434782806,0.3913043478260632
7.7700000000000005,1.0,0.6739130434782808,0.391304347826063
7.78,1.0,0.6739130434782808,0.391304347826063
7.79,1.0,0.6739130434782806,0.3913043478260632
7.8,1.0,0.6739130434782802,0.39130434782606377
7.8100000000000005,1.0,0.6739130434782796,0.39130434782606444
7.82,1.0,0.6739130434782789,0.3913043478260654
7.83,1.0,0.6739130434782781,0.3913043478260663
7.84,1.0,0.6739130434782772,0.3913043478260674
7.8500000000000005,1.0,0.6739130434782762,0.39130434782606854
7.86,1.0,0.6739130434782752,0.39130434782606976
7.87,1.0,0.6739130434782742,0.391304347826071
7.88,1.0,0.6739130434782732,0.39130434782607215
7.890000000000001,1.0,0.6739130434782722,0.3913043478260734
7.9,1.0,0.6739130434782712,0.39130434782607454
7.91,1.0,0.6739130434782702,0.39130434782607576
7.92,1.0,0.6739130434782692,0.391304347826077
7.930000000000001,1.0,0.6739130434782683,0.39130434782607804
7.94,1.0,0.6739130434782674,0.3913043478260791
7.95,1.0,0.6739130434782666,0.39130434782608003
7.96,1.0,0.6739130434782659,0.391304347826081
7.97,1.0,0.6739130434782651,0.39130434782608187
7.98,1.0,0.6739130434782644,0.3913043478260827
7.99,1.0,0.6739130434782638,0.3913043478260835
8.0,1.0,0.6739130434782632,0.39130434782608414
