time_s,goal_rad_s,speed_rad_s,output
0.0,0.0,0.0,0.0
0.01,0.0,0.0,0.0
0.02,0.0,0.0,0.0
0.03,0.0,0.0,0.0
0.04,0.0,0.0,0.0
0.05,0.0,0.0,0.0
0.06,0.0,0.0,0.0
0.07,0.0,0.0,0.0
0.08,0.0,0.0,0.0
0.09,0.0,0.0,0.0
0.1,0.0,0.0,0.0
0.11,0.0,0.0,0.0
0.12,0.0,0.0,0.0
0.13,0.0,0.0,0.0
0.14,0.0,0.0,0.0
0.15,0.0,0.0,0.0
0.16,0.0,0.0,0.0
0.17,0.0,0.0,0.0
0.18,0.0,0.0,0.0
0.19,0.0,0.0,0.0
0.2,0.0,0.0,0.0
0.21,0.0,0.0,0.0
0.22,0.0,0.0,0.0
0.23,0.0,0.0,0.0
0.24,0.0,0.0,0.0
0.25,0.0,0.0,0.0
0.26,0.0,0.0,0.0
0.27,0.0,0.0,0.0
0.28,0.0,0.0,0.0
0.29,0.0,0.0,0.0
0.3,0.0,0.0,0.0
0.31,0.0,0.0,0.0
0.32,0.0,0.0,0.0
0.33,0.0,0.0,0.0
0.34,0.0,0.0,0.0
0.35000000000000003,0.0,0.0,0.0
0.36,0.0,0.0,0.0
0.37,0.0,0.0,0.0
0.38,0.0,0.0,0.0
0.39,0.0,0.0,0.0
0.4,0.0,0.0,0.0
0.41000000000000003,0.0,0.0,0.0
0.42,0.0,0.0,0.0
0.43,0.0,0.0,0.0
0.44,0.0,0.0,0.0
0.45,0.0,0.0,0.0
0.46,0.0,0.0,0.0
0.47000000000000003,0.0,0.0,0.0
0.48,0.0,0.0,0.0
0.49,0.0,0.0,0.0
0.5,0.0,0.0,0.0
0.51,0.0,0.0,0.0
0.52,0.0,0.0,0.0
0.53,0.0,0.0,0.0
0.54,0.0,0.0,0.0
0.55,0.0,0.0,0.0
0.56,0.0,0.0,0.0
0.5700000000000001,0.0,0.0,0.0
0.58,0.0,0.0,0.0
0.59,0.0,0.0,0.0
0.6,0.0,0.0,0.0
0.61,0.0,0.0,0.0
0.62,0.0,0.0,0.0
0.63,0.0,0.0,0.0
0.64,0.0,0.0,0.0
0.65,0.0,0.0,0.0
0.66,0.0,0.0,0.0
0.67,0.0,0.0,0.0
0.68,0.0,0.0,0.0
0.6900000000000001,0.0,0.0,0.0
0.7000000000000001,0.0,0.0,0.0
0.71,0.0,0.0,0.0
0.72,0.0,0.0,0.0
0.73,0.0,0.0,0.0
0.74,0.0,0.0,0.0
0.75,0.0,0.0,0.0
0.76,0.0,0.0,0.0
0.77,0.0,0.0,0.0
0.78,0.0,0.0,0.0
0.79,0.0,0.0,0.0
0.8,0.0,0.0,0.0
0.81,0.0,0.0,0.0
0.8200000000000001,0.0,0.0,0.0
0.8300000000000001,0.0,0.0,0.0
0.84,0.0,0.0,0.0
0.85,0.0,0.0,0.0
0.86,0.0,0.0,0.0
0.87,0.0,0.0,0.0
0.88,0.0,0.0,0.0
0.89,0.0,0.0,0.0
0.9,0.0,0.0,0.0
0.91,0.0,0.0,0.0
0.92,0.0,0.0,0.0
0.93,0.0,0.0,0.0
0.9400000000000001,0.0,0.0,0.0
0.9500000000000001,0.0,0.0,0.0
0.96,0.0,0.0,0.0
0.97,0.0,0.0,0.0
0.98,0.0,0.0,0.0
0.99,0.0,0.0,0.0
1.0,1.0,0.0,1
1.01,1.0,0.0075,1
1.02,1.0,0.0214125,1
1.03,1.0,0.0407889375,1
1.04,1.0,0.0648022603125,1
1.05,1.0,0.0927316789734375,1
1.06,1.0,0.1239493262777578,1
1.07,1.0,0.15790858552551806,1
1.08,1.0,0.1941338788666587,1
1.09,1.0,0.23221173320952015,0.9559008591137899
1.1,1.0,0.2714522204188535,0.906393622458577
1.11,1.0,0.31122025981824897,0.8600272756871753
1.12,1.0,0.35099350752133884,0.8177782571144183
1.1300000000000001,1.0,0.3903549205862932,0.7801505962043981
1.1400000000000001,1.0,0.4289825744595588,0.7472853263979746
1.1500000000000001,1.0,0.46663797116771993,0.7190561662616661
1.16,1.0,0.5031538001640113,0.6951508597447972
1.17,1.0,0.5384218704760072,0.6751384029438587
1.18,1.0,0.5723817241144326,0.6585229770744974
1.19,1.0,0.605010266627155,0.6447857960784957
1.2,1.0,0.6363126096358352,0.6334163012597742
1.21,1.0,0.6663142095011373,0.6239342301755662
1.22,1.0,0.6950543025881977,0.6159040843790655
1.23,1.0,0.7225805772867244,0.6089434478703778
1.24,1.0,0.7489449822565222,0.6027264882314758
1.25,1.0,0.7742005457242185,0.5969838241396532
1.26,1.0,0.798399068714505,0.5914997810975068
1.27,1.0,0.8215895528651206,0.586107893099596
1.28,1.0,0.8438172283403577,0.580685349834462
1.29,1.0,0.8651230571132811,0.5751469425677078
1.3,1.0,0.8855435997125375,0.5694389306124847
1.31,1.0,0.9051111479717121,0.5635331361157363
1.32,1.0,0.9238540412548931,0.5574214783106215
1.33,1.0,0.9417970982294133,0.5511110789780622
1.34,1.0,0.9589621099318262,0.5446200075158858
1.35,1.0,0.9753683522481849,0.5379736851881596
1.36,1.0,0.9910330867927531,0.531201932032475
1.37,1.0,1.005972028437982,0.5243366146594185
1.3800000000000001,1.0,1.0201997654376167,0.5174098369275698
1.3900000000000001,1.0,1.033730124278166,0.5104526064617567
1.4000000000000001,1.0,1.046576476221705,0.5034939065994534
1.41,1.0,1.0587519861222312,0.4965601041836927
1.42,1.0,1.0702698066780045,0.4896746274538597
1.43,1.0,1.0811432229937892,0.48285785410225013
1.44,1.0,1.0913857533328568,0.47612715653984017
1.45,1.0,1.101011212389324,0.4694970589014006
1.46,1.0,1.110033743441032,0.46297946782730387
1.47,1.0,1.1184678254679736,0.45658394623249926
1.48,1.0,1.1263282608391498,0.450318005872337
1.49,1.0,1.133630148561878,0.4441874003938417
1.5,1.0,1.1403888474156667,0.43819640564787143
1.51,1.0,1.1466199326066104,0.4323480783172324
1.52,1.0,1.1523391489137074,0.42664448741500294
1.53,1.0,1.1575623626803713,0.4210869159815249
1.54,1.0,1.162305514448446,0.41567603243141327
1.55,1.0,1.1665845735466847,0.4104120325568734
1.56,1.0,1.170415495533734,0.40529475426708406
1.57,1.0,1.1738141830557978,0.4003237678200068
1.58,1.0,1.176796450406978,0.3954984446622788
1.59,1.0,1.1793779918695646,0.39081800810670764
1.6,1.0,1.181574353754859,0.3862815690087345
1.61,1.0,1.1834009099546774,0.38188814940700444
1.62,1.0,1.1848728407416875,0.37763669681388917
1.6300000000000001,1.0,1.1860051145157986,0.37352609151560057
1.6400000000000001,1.0,1.1868124721771764,0.3695551488967118
1.6500000000000001,1.0,1.1873094138080902,0.3657226184617408
1.6600000000000001,1.0,1.1875101873605416,0.3620271809020608
1.67,1.0,1.1874287790701328,0.3584674442599929
1.68,1.0,1.1870789053453819,0.3550419399793878
1.69,1.0,1.18647400591289,0.3517491194061614
1.7,1.0,1.1856272380302921,0.34858735111330325
1.71,1.0,1.1845514716092385,0.34555491927133813
1.72,1.0,1.183259285118697,0.3426500231643616
1.73,1.0,1.1817629621639936,0.3398707778600511
1.74,1.0,1.1800744886588759,0.3372152159756432
1.75,1.0,1.1782055505264075,0.33468129043677897
1.76,1.0,1.1761675318797757,0.33226687809849437
1.77,1.0,1.1739715136463282,0.3299697840839085
1.78,1.0,1.1716282726076606,0.32778774669307087
1.79,1.0,1.169148280835682,0.32571844273919504
1.8,1.0,1.166541705509665,0.32375949317967206
1.81,1.0,1.1638184091026789,0.3219084689229017
1.82,1.0,1.1609879499278533,0.3201628967074632
1.83,1.0,1.1580595830359266,0.3185202649662608
1.84,1.0,1.1550422614557567,0.31697802960411836
1.85,1.0,1.1519446377691525,0.3155336196321782
1.86,1.0,1.148775066010708,0.3141844426159799
1.87,1.0,1.1455416038824346,0.3129278899060387
1.8800000000000001,1.0,1.1422520152720295,0.31176134162992525
1.8900000000000001,1.0,1.1389137730626515,0.31068217143339666
1.9000000000000001,1.0,1.1355340622212038,0.3096877509650047
1.9100000000000001,1.0,1.1321197831513468,0.3087754541040287
1.92,1.0,1.1286775552968462,0.30794266093567796
1.93,1.0,1.1252137209803876,0.3071867614804787
1.94,1.0,1.121734349462677,0.3065051591867509
1.95,1.0,1.118245241206484,0.3058952741963133
1.96,1.0,1.1147519323302546,0.30535454639416737
1.97,1.0,1.1112596992360186,0.3048804382530402
1.98,1.0,1.107773563396519,0.3044704374834635
1.99,1.0,1.1042982962867827,0.30412205949959736
2.0,1.0,1.100838424445714,0.30383284971043845
2.0100000000000002,1.0,1.0973982346537114,0.3036003856453312
2.02,1.0,1.093981779212775,0.3034222789220205
2.0300000000000002,1.0,1.0905928813160553,0.30329617706476775
2.04,1.0,1.0872351404943137,0.30321976517939925
2.05,1.0,1.08391193812728,0.30319076749155877
2.06,1.0,1.080626443008417,0.30320694875389487
2.07,1.0,1.077381616952125,0.3032661155274636
2.08,1.0,1.0741802204329305,0.30336611734223434
2.09,1.0,1.0710248182467057,0.303504847741262
2.1,1.0,1.0679177851844606,0.30368024521284026
2.11,1.0,1.0648613117097205,0.30389029401472445
2.12,1.0,1.061857409630967,0.3041330248943799
2.13,1.0,1.0589079177610663,0.3044065157090604
2.14,1.0,1.0560145075560419,0.30470889194945244
2.15,1.0,1.0531786887259642,0.3050383271705341
2.16,1.0,1.0504018148111367,0.3053930433332509
2.17,1.0,1.0476850887171436,0.3057713110605748
2.18,1.0,1.045029568202706,0.30617144981146577
2.19,1.0,1.0424361713146548,0.30659182797623563
2.2,1.0,1.0399056817646861,0.30703086289677073
2.21,1.0,1.037438754242902,0.3074870208150511
2.22,1.0,1.0350359196634777,0.30795881675335196
2.23,1.0,1.032697590338113,0.30844481432948656
2.24,1.0,1.0304240650732386,0.308943625510397
2.25,1.0,1.0282155341872536,0.30945391030734737
2.2600000000000002,1.0,1.0260720844443585,0.30997437641592984
2.27,1.0,1.0239937039018345,0.3105037788040203
2.2800000000000002,1.0,1.0219802866678958,0.3110409192507684
2.29,1.0,1.0200316375675043,0.3115846458396297
2.3000000000000003,1.0,1.018147476713797,0.3121338524083848
2.31,1.0,1.0163274439830214,0.31268747795901286
2.32,1.0,1.0145711033911164,0.31324450603020754
2.33,1.0,1.0128779473703067,0.313803964035256
2.34,1.0,1.0112474009443009,0.3143649225679107
2.35,1.0,1.0096788258008995,0.31492649467881256
2.36,1.0,1.0081715242610216,0.3154878351249428
2.37,1.0,1.006724743143361,0.3160481395944942
2.38,1.0,1.0053376775240672,0.31660664390948456
2.39,1.0,1.0040094743910337,0.317162623208336
2.4,1.0,1.0027392361925425,0.3177153911105891
2.41,1.0,1.0015260242801842,0.3182642988658206
2.42,1.0,1.0003688622461302,0.31880873448876573
2.43,1.0,0.9992667391549794,0.31934812188256834
2.44,1.0,0.9982186126705495,0.31988191995200804
2.45,1.0,0.9972234120781144,0.32040962170846793
2.46,1.0,0.9962800412027195,0.32093075336834925
2.47,1.0,0.9953873812243242,0.321444873446554
2.48,1.0,0.9945442933906387,0.32195157184659084
2.49,1.0,0.9937496216286261,0.3224504689487874
2.5,1.0,0.9930021950557447,0.3229412146980253
2.5100000000000002,1.0,0.9923008303920947,0.3234234876923441
2.52,1.0,0.9916443342747272,0.3238969942736977
2.5300000000000002,1.0,0.9910315054754505,0.32436146762208057
2.54,1.0,0.9904611370235477,0.3248166668541744
2.5500000000000003,1.0,0.9899320182348884,0.32526237612760944
2.56,1.0,0.989442936648983,0.3256984037518723
2.57,1.0,0.9889926798755856,0.32612458130682964
2.58,1.0,0.9885800373525097,0.3265407627697833
2.59,1.0,0.9882038020163642,0.3269468236519167
2.6,1.0,0.9878627718879678,0.3273426601449323
2.61,1.0,0.987555751574235,0.3277281882786317
2.62,1.0,0.9872815536883633,0.328103343090139
2.63,1.0,0.9870390001901835,0.32846807780540926
2.64,1.0,0.9868269236485594,0.32882236303362744
2.65,1.0,0.9866441684277475,0.3291661859750423
2.66,1.0,0.9864895917996448,0.32949954964274714
2.67,1.0,0.9863620649838681,0.32982247209886467
2.68,1.0,0.9862604741176215,0.3301349857055511
2.69,1.0,0.9861837211573126,0.3304371363912042
2.7,1.0,0.9861307247138884,0.33072898293219993
2.71,1.0,0.986100420823859,0.3310105962504657
2.72,1.0,0.9860917636579776,0.3312820587271431
2.73,1.0,0.9861037261695429,0.3315434635325676
2.74,1.0,0.9861353006842806,0.3317949139727529
2.75,1.0,0.9861854994337531,0.3320365228525399
2.7600000000000002,1.0,0.9862533550342355,0.33226841185553113
2.77,1.0,0.98633792091298,0.3324907109409084
2.7800000000000002,1.0,0.9864382716837777,0.3327035577571958
2.79,1.0,0.9865535034737064,0.3329070970730098
2.8000000000000003,1.0,0.9866827342029335,0.33310148022480573
2.81,1.0,0.9868251038194245,0.33328686458160417
2.82,1.0,0.9869797744903789,0.33346341302666344
2.83,1.0,0.9871459307521964,0.3336312934560342
2.84,1.0,0.9873227796207447,0.333790678293917
2.85,1.0,0.9875095506636773,0.33394174402471566
2.86,1.0,0.9877054960365182,0.33408467074166653
2.87,1.0,0.9879098904842005,0.33421964171190577
2.88,1.0,0.9881220313097169,0.33434684295781103
2.89,1.0,0.9883412383115064,0.3344664628544505
2.9,1.0,0.9885668536911706,0.3345786917429458
2.91,1.0,0.9887982419330767,0.33468372155954823
2.92,1.0,0.9890347896573752,0.3347817454802123
2.93,1.0,0.9892759054479193,0.33487295758043867
2.94,1.0,0.9895210196565444,0.334957552510146
2.95,1.0,0.9897695841851251,0.3350357251833242
2.96,1.0,0.9900210722467951,0.33510767048220846
2.97,1.0,0.9902749781076768,0.3351735829757079
2.98,1.0,0.9905308168104315,0.33523365665181076
2.99,1.0,0.9907881238809062,0.3352880846636867
3.0,1.0,0.9910464550191136,0.3353370590891952
3.0100000000000002,1.0,0.9913053857757476,0.33538077070350536
3.02,1.0,0.9915645112153981,0.33541940876452897
3.0300000000000002,1.0,0.9918234455675939,0.3354531608108633
3.04,1.0,0.9920818218667644,0.3354822124719341
3.0500000000000003,1.0,0.9923392915821756,0.3355067472900326
3.06,1.0,0.9925955242388605,0.33552694655392734
3.0700000000000003,1.0,0.9928502070305252,0.33554298914374525
3.08,1.0,0.9931030444253793,0.33555505138679886
3.09,1.0,0.9933537577658044,0.3355633069240456
3.1,1.0,0.9936020848627346,0.3355679265868662
3.11,1.0,0.993847779585597,0.3355690782838373
3.12,1.0,0.9940906114486163,0.3355669268971933
3.13,1.0,0.9943303651942628,0.3355616341886533
3.14,1.0,0.9945668403745839,0.3355533587143048
3.15,1.0,0.99479985093113,0.3355422557482329
3.16,1.0,0.9950292247741522,0.3355284772145837
3.17,1.0,0.9952548033617178,0.3355121716277579
3.18,1.0,0.9954764412793592,0.3354934840404289
3.19,1.0,0.9956940058208414,0.3354725559990874
3.2,1.0,0.9959073765706036,0.3354495255068121
3.21,1.0,0.9961164449883991,0.335424526992979
3.22,1.0,0.9963211139966351,0.3353976912896135
3.23,1.0,0.996521297570878,0.3353691456141063
3.24,1.0,0.99671692033397,0.3353390135580091
3.25,1.0,0.9969079171541715,0.33530741508163614
3.2600000000000002,1.0,0.9970942327477211,0.3352744665141996
3.27,1.0,0.9972758212861771,0.3352402805592132
3.2800000000000002,1.0,0.9974526460088817,0.3352049663049026
3.29,1.0,0.9976246788408656,0.3351686292393689
3.3000000000000003,1.0,0.9977919000164848,0.33513137127025394
3.31,1.0,0.997954297709064,0.33509329074865873
3.3200000000000003,1.0,0.9981118676667928,0.33505448249708564
3.33,1.0,0.9982646128551065,0.3350150378411578
3.34,1.0,0.9984125431057564,0.33497504464489986
3.35,1.0,0.9985556747727611,0.3349345873493517
3.36,1.0,0.9986940303954058,0.3348937470142978
3.37,1.0,0.9988276383684425,0.3348526013629072
3.38,1.0,0.998956532619622,0.33481122482907494
3.39,1.0,0.9990807522946775,0.3347696886072683
3.4,1.0,0.9992003414498554,0.3347280607046852
3.41,1.0,0.999315348752081,0.3346864059955363
3.42,1.0,0.9994258271868257,0.33464478627727395
3.43,1.0,0.9995318337737318,0.3346032603285879
3.44,1.0,0.9996334292900338,0.3345618839690005
3.45,1.0,0.9997306780018053,0.33452071011990064
3.46,1.0,0.999823647403044,0.3344797888668545
3.47,1.0,0.9999124079626,0.3344391675230437
3.48,1.0,0.9999970328789356,0.33439889069368445
3.49,1.0,1.0000775978426988,0.3343590003412867
3.5,1.0,1.0001541808070786,0.33431953585161717
3.5100000000000002,1.0,1.0002268617659036,0.3342805341002392
3.52,1.0,1.000295722539433,0.33424202951949866
3.5300000000000002,1.0,1.0003608465677822,0.33420405416585003
3.54,1.0,1.0004223187119161,0.33416663778739225
3.5500000000000003,1.0,1.0004802250621365,0.33412980789152064
3.56,1.0,1.0005346527539816,0.33409358981257964
3.5700000000000003,1.0,1.0005856897914482,0.3340580067794257
3.58,1.0,1.000633424877443,0.3340230799828059
3.59,1.0,1.0006779472513607,0.3339888286424552
3.6,1.0,1.0007193465336852,0.33395527007384096
3.61,1.0,1.0007577125774982,0.3339224197544628
3.62,1.0,1.0007931353267825,0.333890291389645
3.63,1.0,1.000825704681399,0.33385889697773424
3.64,1.0,1.0008555103686123,0.33382824687465407
3.65,1.0,1.0008826418210361,0.3337983498577397
3.66,1.0,1.00090718806087,0.33376921318880465
3.67,1.0,1.0009292375902914,0.3337408426763744
3.68,1.0,1.0009488782878673,0.33371324273704767
3.69,1.0,1.0009661973108468,0.3336864164559286
3.7,1.0,1.0009812810031942,0.3336603656460936
3.71,1.0,1.0009942148092197,0.3336350909070498
3.72,1.0,1.0010050831926665,0.33361059168214546
3.73,1.0,1.0010139695611064,0.3335868663149082
3.74,1.0,1.0010209561955028,0.33356391210426944
3.75,1.0,1.0010261241847909,0.333541725358659
3.7600000000000002,1.0,1.0010295533653335,0.33352030144893574
3.77,1.0,1.0010313222651024,0.3334996348601443
3.7800000000000002,1.0,1.0010315080524426,0.3334797192420651
3.79,1.0,1.0010301864892712,0.33346054745855697
3.8000000000000003,1.0,1.0010274318885677,0.33344211163566856
3.81,1.0,1.0010233170760106,0.33342440320850913
3.8200000000000003,1.0,1.0010179133556165,0.3334074129668765
3.83,1.0,1.0010112904792412,0.3333911310996264
3.84,1.0,1.0010035166197986,0.33337554723778734
3.85,1.0,1.0009946583480605,0.33336065049641433
3.86,1.0,1.000984780612898,0.33334642951518034
3.87,1.0,1.0009739467248278,0.3333328724977102
3.88,1.0,1.0009622183427282,0.333319967249659
3.89,1.0,1.0009496554635935,0.33330770121553954
3.9,1.0,1.000936316415193,0.33329606151430496
3.91,1.0,1.000922257851509,0.33328503497369677
3.92,1.0,1.0009075347508238,0.3332746081633656
3.93,1.0,1.0008922004163345,0.33326476742677663
3.94,1.0,1.00087630647917,0.3332554989119095
3.95,1.0,1.0008599029036926,0.33324678860076995
3.96,1.0,1.0008430379949673,0.3332386223377244
3.97,1.0,1.000825758408281,0.33323098585667255
3.98,1.0,1.0008081091606018,0.33322386480707766
3.99,1.0,1.0007901336438685,0.33321724477886916
4.0,1.0,1.0007718736400015,0.3332111113262321
4.01,1.0,0.9907533693375323,0.3736554499903107
4.0200000000000005,1.0,0.9812380343497484,0.40691409444583737
4.03,1.0,0.9724273952201932,0.43355124342609463
4.04,1.0,0.9644428380042448,0.454278646864702
4.05,1.0,0.9573420629480437,0.4698812840439173
4.0600000000000005,1.0,0.9511339028103105,0.48116040876657173
4.07,1.0,0.9457912738009279,0.4888917556444785
4.08,1.0,0.9412621794082134,0.4937966134258467
4.09,1.0,0.9374788001186342,0.4965235143460092
4.1,1.0,0.9343647817351184,0.49763842411357473
4.11,1.0,0.9318408871977677,0.4976215131735754
4.12,1.0,0.9298292067627968,0.4968688203358147
4.13,1.0,0.928256133925421,0.49569736439643564
4.14,1.0,0.9270543138655308,0.494352502713326
4.15,1.0,0.9261637611498612,0.4930165668517452
4.16,1.0,0.9255323270446879,0.49181801705664013
4.17,1.0,0.9251156766098149,0.4908405450507638
4.18,1.0,0.9248769137582674,0.4901317164559611
4.19,1.0,0.9247859702020895,0.4897108797192156
4.2,1.0,0.9248188527750559,0.4895761788191224
4.21,1.0,0.9249568237905804,0.48971059414062956
4.22,1.0,0.9251855713329709,0.4900870021931228
4.23,1.0,0.9254944109386867,0.4906722930473883
4.24,1.0,0.9258755470710966,0.49143061729424553
4.25,1.0,0.9263234120666674,0.49232585471886947
4.26,1.0,0.926834091680594,0.493323407294981
4.2700000000000005,1.0,0.9274048397750471,0.4943914218370469
4.28,1.0,0.9280336798303808,0.4955015447240426
4.29,1.0,0.9287190875636838,0.4966293042420097
4.3,1.0,0.929459746757897,0.4977542067049373
4.3100000000000005,1.0,0.9302543692003271,0.4988596217450701
4.32,1.0,0.9311015691847981,0.49993252090072526
4.33,1.0,0.9319997831552755,0.5009631225336162
4.34,1.0,0.9329472255960738,0.5019444856474977
4.3500000000000005,1.0,0.9339418730674244,0.5028720856640263
4.36,1.0,0.9349814692339191,0.5037433968184496
4.37,1.0,0.936063544749742,0.5045574986433996
4.38,1.0,0.9371854468825112,0.5053147180130544
4.39,1.0,0.9383443747292524,0.5060163133659797
4.4,1.0,0.9395374167712547,0.5066642039196042
4.41,1.0,0.9407615883097405,0.507260743816316
4.42,1.0,0.9420138670118402,0.5078085390736115
4.43,1.0,0.9432912253744131,0.5083103038196285
4.44,1.0,0.9445906593855307,0.5087687514563761
4.45,1.0,0.945909213037523,0.5091865159907976
4.46,1.0,0.9472439986314435,0.5095660987050795
4.47,1.0,0.9485922130219399,0.5099098355124054
4.48,1.0,0.9499511500955786,0.5102198806864663
4.49,1.0,0.9513182098661335,0.5104982030998422
4.5,1.0,0.9526909046179677,0.5107465916078645
4.51,1.0,0.9540668625431796,0.5109666667321351
4.5200000000000005,1.0,0.955443829308182,0.5111598963030253
4.53,1.0,0.9568196679581736,0.5113276131931562
4.54,1.0,0.9581923575295948,0.5114710337012077
4.55,1.0,0.9595599906960235,0.5115912755202219
4.5600000000000005,1.0,0.9609207707258977,0.5116893745440999
4.57,1.0,0.9622730079837808,0.5117663000308588
4.58,1.0,0.9636151161626876,0.5118229678543746
4.59,1.0,0.9649456083946012,0.511860251742322
4.6000000000000005,1.0,0.966263093350548,0.5118789925223186
4.61,1.0,0.9675662714108135,0.5118800054867473
4.62,1.0,0.9688539309601147,0.5118640860452677
4.63,1.0,0.9701249448415797,0.5118320138682897
4.64,1.0,0.9713782669868442,0.5117845557398469
4.65,1.0,0.9726129292269902,0.5117224673390146
4.66,1.0,0.9738280382798905,0.511646494159273
4.67,1.0,0.9750227729032473,0.5115573717583874
4.68,1.0,0.9761963811987057,0.5114558255102428
4.69,1.0,0.9773481780503912,0.5113425700067938
4.7,1.0,0.9784775426806366,0.5112183082345764
4.71,1.0,0.9795839163061297,0.5110837306272794
4.72,1.0,0.9806667998789294,0.5109395140745664
4.73,1.0,0.9817257518984669,0.5107863209481829
4.74,1.0,0.9827603862825856,0.5106247981896911
4.75,1.0,0.9837703702876835,0.5104555764900192
4.76,1.0,0.984755422470011,0.5102792695793463
4.7700000000000005,1.0,0.9857153106820269,0.5100964736365249
4.78,1.0,0.9866498500993993,0.5099077668200378
4.79,1.0,0.987558901275698,0.5097137089171456
4.8,1.0,0.9884423682230634,0.5095148411041408
4.8100000000000005,1.0,0.9893001965181527,0.509311685808187
4.82,1.0,0.9901323714334578,0.5091047466598873
4.83,1.0,0.9909389160946974,0.508894508525179
4.84,1.0,0.9917198896654125,0.5086814376052791
4.8500000000000005,1.0,0.9924753855601767,0.5084659815939375
4.86,1.0,0.9932055296879911,0.5082485698821266
4.87,1.0,0.993910478727488,0.508029613801304
4.88,1.0,0.9945904184355475,0.5078095068975054
4.89,1.0,0.995245561990851,0.5075886252296479
4.9,1.0,0.995876148373769,0.5073673276864821
4.91,1.0,0.9964824407838354,0.5071459563176387
4.92,1.0,0.9970647250958901,0.5069248366750981
4.93,1.0,0.9976233083558004,0.5067042781621908
4.94,1.0,0.9981585173165004,0.5064845743878938
4.95,1.0,0.9986706970149186,0.5062660035247384
4.96,1.0,0.9991602093902106,0.5060488286690762
4.97,1.0,0.9996274319435658,0.5058332982028101
4.98,1.0,1.0000727564397303,0.505619646155936
4.99,1.0,1.0004965876502614,0.505408092569459
5.0,1.0,1.0008993421384371,0.5051988438583511
5.01,1.0,1.0012814470856393,0.504992093174327
5.0200000000000005,1.0,1.0016433391589585,0.5047880207682406
5.03,1.0,1.0019854634196943,0.5045867943519451
5.04,1.0,1.0023082722723655,0.504388569459443
5.05,1.0,1.002612224453796,0.504193489807147
5.0600000000000005,1.0,1.0028977840617919,0.5040016876530621
5.07,1.0,1.0031654196228916,0.5038132841546535
5.08,1.0,1.0034156031986374,0.503628389725164
5.09,1.0,1.0036488095297815,0.5034471043881111
5.1000000000000005,1.0,1.003865515217824,0.5032695181296708
5.11,1.0,1.0040661979432484,0.5030957112486562
5.12,1.0,1.0042513357198066,0.5029257547037728
5.13,1.0,1.004421406184184,0.50275971045784
5.14,1.0,1.004576885920361,0.5025976318186597
5.15,1.0,1.0047182498179719,0.5024395637762215
5.16,1.0,1.0048459704639499,0.502285543335945
5.17,1.0,1.0049605175667358,0.5021355998476567
5.18,1.0,1.0050623574123152,0.5019897553300313
5.19,1.0,1.0051519523513441,0.5018480247902269
5.2,1.0,1.0052297603166096,0.5017104165384714
5.21,1.0,1.0052962343700718,0.5015769324973611
5.22,1.0,1.0053518222787206,0.5014475685056756
5.23,1.0,1.0053969661184827,0.5013223146165002
5.24,1.0,1.0054321019054064,0.501201155389493
5.25,1.0,1.005457659253351,0.5010840701771355
5.26,1.0,1.0054740610574089,0.5009710334048275
5.2700000000000005,1.0,1.005481723202281,0.5008620148447139
5.28,1.0,1.0054810542948385,0.5007569798831268
5.29,1.0,1.005472455420093,0.5006558897815655
5.3,1.0,1.00545631991981,0.5005587019311363
5.3100000000000005,1.0,1.0054330331930017,0.500465370100391
5.32,1.0,1.0054029725175337,0.5003758446765264
5.33,1.0,1.0053665068921,0.5002900728998965
5.34,1.0,1.0053239968978098,0.500207999091837
5.3500000000000005,1.0,1.0052757945786501,0.5001295648757786
5.36,1.0,1.0052222433400924,0.5000547093916501
5.37,1.0,1.0051636778651163,0.49998336950358724
5.38,1.0,1.0051004240469383,0.4999154800009708
5.39,1.0,1.0050327989377408,0.49985097379281024
5.4,1.0,1.0049611107127054,0.49978978209552727
5.41,1.0,1.0048856586486725,0.49973183461416676
5.42,1.0,1.0048067331167487,0.49967705971710835
5.43,1.0,1.0047246155882106,0.49962538460431416
5.44,1.0,1.0046395786530509,0.49957673546920256
5.45,1.0,1.0045518860505378,0.49953103765420054
5.46,1.0,1.004461792711163,0.4994882158000662
5.47,1.0,1.0043695448093717,0.49944819398905477
5.48,1.0,1.00427537982648,0.49941089588202253
5.49,1.0,1.0041795266231996,0.49937624484955523
5.5,1.0,1.0040822055212002,0.49934416409722604
5.51,1.0,1.003983628393162,0.4993145767850684
5.5200000000000005,1.0,1.0038839987607744,0.4992874061413882
5.53,1.0,1.0037835119001604,0.4992625755710034
5.54,1.0,1.003682354954216,0.49924000875803026
5.55,1.0,1.0035807070513685,0.4992196297633311
5.5600000000000005,1.0,1.0034787394302733,0.49920136311673285
5.57,1.0,1.003376615569984,0.49918513390413466
5.58,1.0,1.003274491325142,0.4991708678496239
5.59,1.0,1.0031725150657491,0.49915849139272694
5.6000000000000005,1.0,1.003070827821101,0.4991479317609027
5.61,1.0,1.0029695634274691,0.4991391170374168
5.62,1.0,1.0028688486791417,0.49913197622470973
5.63,1.0,1.0027688034824385,0.4991264393033853
5.64,1.0,1.0026695410123347,0.4991224372869492
5.65,1.0,1.002571167871342,0.49911990227241476
5.66,1.0,1.0024737842503055,0.49911876748690526
5.67,1.0,1.0023774840907929,0.49911896733037636
5.68,1.0,1.0022823552487616,0.49912043741458484
5.69,1.0,1.0021884796592073,0.49912311459842257
5.7,1.0,1.0020959335015045,0.4991269370197436
5.71,1.0,1.0020047873651687,0.4991318441238023
5.72,1.0,1.0019151064157763,0.49913777668843273
5.73,1.0,1.0018269505607962,0.49914467684607416
5.74,1.0,1.0017403746150944,0.4991524881027788
5.75,1.0,1.001655428465888,0.4991611553543071
5.76,1.0,1.0015721572369363,0.4991706248994313
5.7700000000000005,1.0,1.0014906014517635,0.4991808444505632
5.78,1.0,1.0014107971957276,0.4991917631418187
5.79,1.0,1.0013327762767512,0.4992033315346257
5.8,1.0,1.0012565663845467,0.49921550162099654
5.8100000000000005,1.0,1.0011821912481775,0.4992282268245569
5.82,1.0,1.0011096707918046,0.4992414619994521
5.83,1.0,1.0010390212884812,0.4992551634272226
5.84,1.0,1.0009702555118645,0.4992692888117615
5.8500000000000005,1.0,1.0009033828857241,0.49928379727244476
5.86,1.0,1.0008384096311378,0.4992986493355337
5.87,1.0,1.0007753389112686,0.4993138069239511
5.88,1.0,1.0007141709736322,0.4993292333455142
5.89,1.0,1.0006549032897665,0.4993448932797265
5.9,1.0,1.000597530692225,0.4993607527632083
5.91,1.0,1.0005420455088267,0.49937677917385387
5.92,1.0,1.0004884376940946,0.499392941213805
5.93,1.0,1.00043669495783,0.4994092088913161
5.94,1.0,1.0003868028907734,0.499425553501594
5.95,1.0,1.0003387450873074,0.49944194760668664
5.96,1.0,1.000292503265167,0.4994583650145001
5.97,1.0,1.0002480573821277,0.4994747807570108
5.98,1.0,1.0002053857496438,0.49949117106775004
5.99,1.0,1.0001644651434227,0.4995075133586192
6.0,1.0,1.0001252709109192,0.4995237861961093
6.01,1.0,1.000087777075741,0.49953996927698546
6.0200000000000005,1.0,1.0000519564389638,0.4995560434034986
6.03,1.0,1.0000177806773562,0.4995719904581788
6.04,1.0,0.9999852204385207,0.49958779337827225
6.05,1.0,0.9999542454329599,0.499603436129872
6.0600000000000005,1.0,0.9999248245230831,0.4996189036817981
6.07,1.0,0.9998969258091696,0.4996341819792746
6.08,1.0,0.9998705167123103,0.49964925791745424
6.09,1.0,0.9998455640543537,0.49966411931483096
6.1000000000000005,1.0,0.9998220341348811,0.49967875488659247
6.11,1.0,0.9997998928052457,0.49969315421794636
6.12,1.0,0.9997791055397048,0.499707307737466
6.13,1.0,0.9997596375036852,0.4997212066904899
6.140000000000001,1.0,0.999741453619218,0.4997348431126123
6.15,1.0,0.9997245186275838,0.4997482098033005
6.16,1.0,0.9997087971492133,0.49976130029966687
6.17,1.0,0.999694253740885,0.49977410885043205
6.18,1.0,0.9996808529502696,0.49978663039010124
6.19,1.0,0.999668559367867,0.49979886051338873
6.2,1.0,0.9996573376763875,0.4998107954499087
6.21,1.0,0.9996471526976272,0.49982243203916
6.22,1.0,0.9996379694368898,0.4998337677058261
6.23,1.0,0.9996297531250089,0.49984480043541246
6.24,1.0,0.9996224692580241,0.49985552875023787
6.25,1.0,0.9996160836345664,0.49986595168579945
6.26,1.0,0.9996105623910085,0.4998760687675285
6.2700000000000005,1.0,0.9996058720344366,0.49988587998794837
6.28,1.0,0.9996019794734997,0.4998953857842538
6.29,1.0,0.9995988520471945,0.4999045870163185
6.3,1.0,0.9995964575516421,0.49991348494514726
6.3100000000000005,1.0,0.9995947642649154,0.4999220812117776
6.32,1.0,0.9995937409699734,0.499930377816646
6.33,1.0,0.9995933569757606,0.49993837709942013
6.34,1.0,0.9995935821365293,0.4999460817193077
6.3500000000000005,1.0,0.9995943868694419,0.4999534946358477
6.36,1.0,0.9995957421705097,0.49996061909018696
6.37,1.0,0.9995976196289256,0.4999674585868467
6.38,1.0,0.9995999914398461,0.4999740168759841
6.390000000000001,1.0,0.9996028304156808,0.4999802979361455
6.4,1.0,0.9996061099959409,0.4999863059575196
6.41,1.0,0.9996098042557054,0.4999920453256859
6.42,1.0,0.999613887912757,0.49999752060585884
6.43,1.0,0.9996183363334407,0.5000027365276306
6.44,1.0,0.9996231255373006,0.5000076979702043
6.45,1.0,0.9996282322005438,0.5000124099481223
6.46,1.0,0.9996336336583843,0.500016877597481
6.47,1.0,0.9996393079063177,0.5000211061626324
6.48,1.0,0.9996452336003746,0.5000251009833662
6.49,1.0,0.9996513900564027,0.5000288674825701
6.5,1.0,0.9996577572484251,0.5000324111543606
6.51,1.0,0.9996643158061209,0.5000357375526818
6.5200000000000005,1.0,0.9996710470114749,0.500038852280363
6.53,1.0,0.99967793279464,0.500041760978633
6.54,1.0,0.9996849557290572,0.5000444693170804
6.55,1.0,0.9996920990258754,0.5000469829840558
6.5600000000000005,1.0,0.9996993465277128,0.5000493076775078
6.57,1.0,0.9997066827018003,0.5000514490962441
6.58,1.0,0.9997140926325477,0.5000534129316128
6.59,1.0,0.9997215620135693,0.5000552048595929
6.6000000000000005,1.0,0.9997290771392083,0.5000568305332861
6.61,1.0,0.9997366248955954,0.5000582955758047
6.62,1.0,0.9997441927512769,0.5000596055735432
6.63,1.0,0.9997517687474472,0.500060766069826
6.640000000000001,1.0,0.9997593414878183,0.5000617825589244
6.65,1.0,0.9997669001281589,0.5000626604804302
6.66,1.0,0.9997744343655338,0.5000634052139808
6.67,1.0,0.9997819344272738,0.5000640220743229
6.68,1.0,0.9997893910597051,0.5000645163067088
6.69,1.0,0.999796795516666,0.5000648930826149
6.7,1.0,0.9998041395478379,0.5000651574957728
6.71,1.0,0.9998114153869164,0.5000653145585019
6.72,1.0,0.9998186157396478,0.5000653691983399
6.73,1.0,0.9998257337717534,0.5000653262549561
6.74,1.0,0.9998327630967667,0.5000651904773418
6.75,1.0,0.9998396977638038,0.5000649665212645
6.76,1.0,0.9998465322452881,0.5000646589469837
6.7700000000000005,1.0,0.99985326142465,0.5000642722172134
6.78,1.0,0.9998598805840203,0.5000638106953235
6.79,1.0,0.9998663853919353,0.5000632786437715
6.8,1.0,0.9998727718910708,0.5000626802227596
6.8100000000000005,1.0,0.9998790364860225,0.5000620194891006
6.82,1.0,0.9998851759311468,0.5000613003952896
6.83,1.0,0.9998911873184777,0.5000605267887743
6.84,1.0,0.9998970680657335,0.5000597024114102
6.8500000000000005,1.0,0.9999028159044266,0.5000588308990956
6.86,1.0,0.9999084288680882,0.5000579157815792
6.87,1.0,0.9999139052806195,0.5000569604824314
6.88,1.0,0.9999192437447819,0.5000559683191685
6.890000000000001,1.0,0.999924443130833,0.5000549425035294
6.9,1.0,0.9999295025653211,0.5000538861418881
6.91,1.0,0.9999344214200455,0.5000528022358022
6.92,1.0,0.9999391993011901,0.5000516936826869
6.93,1.0,0.9999438360386388,0.5000505632766077
6.94,1.0,0.999948331675479,0.5000494137091851
6.95,1.0,0.9999526864576997,0.5000482475706041
6.96,1.0,0.9999569008240893,0.5000470673507241
6.97,1.0,0.9999609753963384,0.5000458754402801
6.98,1.0,0.9999649109693534,0.5000446741321695
6.99,1.0,0.9999687085017815,0.5000434656228209
7.0,1.0,0.9999723691067555,0.5000422520136364
7.01,1.0,0.9999758940428559,0.5000410353125037
7.0200000000000005,1.0,0.9999792847052987,0.5000398174353682
7.03,1.0,0.9999825426173454,0.5000386002078682
7.04,1.0,0.9999856694219411,0.5000373853670183
7.05,1.0,0.9999886668735797,0.5000361745629425
7.0600000000000005,1.0,0.9999915368303979,0.5000349693606513
7.07,1.0,0.9999942812464984,0.5000337712418546
7.08,1.0,0.9999969021645022,0.5000325816068109
7.09,1.0,0.9999994017083303,0.5000314017762051
7.1000000000000005,1.0,1.0000017820762137,0.500030232993051
7.11,1.0,1.000004045533931,0.500029076424617
7.12,1.0,1.0000061944082734,0.5000279331643661
7.13,1.0,1.0000082310807341,0.5000268042339152
7.140000000000001,1.0,1.0000101579814216,0.5000256905849992
7.15,1.0,1.000011977583195,0.5000245931014448
7.16,1.0,1.0000136923960188,0.5000235126011486
7.17,1.0,1.0000153049615337,0.500022449838057
7.18,1.0,1.0000168178478444,0.5000214055041394
7.19,1.0,1.0000182336445171,0.5000203802313614
7.2,1.0,1.000019554957788,0.5000193745936475
7.21,1.0,1.0000207844059754,0.5000183891088363
7.22,1.0,1.0000219246150976,0.500017424240619
7.23,1.0,1.0000229782146868,0.500016480400471
7.24,1.0,1.0000239478338013,0.5000155579495569
7.25,1.0,1.0000248360972293,0.5000146572006263
7.26,1.0,1.0000256456218803,0.5000137784198821
7.2700000000000005,1.0,1.000026379013363,0.5000129218288306
7.28,1.0,1.0000270388627421,0.5000120876061053
7.29,1.0,1.0000276277434736,0.500011275889267
7.3,1.0,1.0000281482085118,0.5000104867765761
7.3100000000000005,1.0,1.000028602787585,0.5000097203287389
7.32,1.0,1.000028993984637,0.5000089765706217
7.33,1.0,1.000029324275427,0.5000082554929354
7.34,1.0,1.0000295961052879,0.500007557053891
7.3500000000000005,1.0,1.0000298118870345,0.5000068811808194
7.36,1.0,1.0000299739990208,0.5000062277717617
7.37,1.0,1.0000300847833399,0.5000055966970223
7.38,1.0,1.0000301465441628,0.5000049878006918
7.390000000000001,1.0,1.000030161546213,0.5000044009021306
7.4,1.0,1.0000301320133718,0.5000038357974176
7.41,1.0,1.0000300601274075,0.5000032922607693
7.42,1.0,1.0000299480268304,0.5000027700459123
7.43,1.0,1.0000297978058628,0.5000022688874299
7.44,1.0,1.000029611513524,0.5000017885020627
7.45,1.0,1.0000293911528253,0.5000013285899804
7.46,1.0,1.0000291386800688,0.5000008888360116
7.47,1.0,1.00002885600425,0.5000004689108385
7.48,1.0,1.0000285449865562,0.5000000684721546
7.49,1.0,1.0000282074399585,0.49999968716578785
7.5,1.0,1.0000278451288944,0.49999932462678126
7.51,1.0,1.0000274597690357,0.4999989804804434
7.5200000000000005,1.0,1.0000270530271376,0.4999986543433613
7.53,1.0,1.0000266265209672,0.4999983458243734
7.54,1.0,1.0000261818193066,0.49999805452551105
7.55,1.0,1.0000257204420255,0.4999977800429051
7.5600000000000005,1.0,1.000025243860224,0.49999752196765296
7.57,1.0,1.000024753496436,0.49999727988665776
7.58,1.0,1.0000242507248964,0.49999705338342815
7.59,1.0,1.0000237368718647,0.49999684203884487
7.6000000000000005,1.0,1.0000232132160018,0.4999966454318977
7.61,1.0,1.0000226809887987,0.4999964631403885
7.62,1.0,1.0000221413750527,0.4999962947416001
7.63,1.0,1.00002159551339,0.49999613981293517
7.640000000000001,1.0,1.0000210444968278,0.4999959979325246
7.65,1.0,1.0000204893733775,0.49999586867980766
7.66,1.0,1.000019931146684,0.49999575163607574
7.67,1.0,1.0000193707766982,0.4999956463849948
7.68,1.0,1.0000188091803812,0.4999955525130956
7.69,1.0,1.0000182472324366,0.49999546961023683
7.7,1.0,1.0000176857660696,0.4999953972700404
7.71,1.0,1.0000171255737702,0.4999953350903002
7.72,1.0,1.0000165674081163,0.4999952826733683
7.73,1.0,1.000016011982598,0.4999952396265122
7.74,1.0,1.0000154599724584,0.49999520556225013
7.75,1.0,1.0000149120155495,0.4999951800986602
7.76,1.0,1.000014368713201,0.49999516285967005
7.7700000000000005,1.0,1.000013830631102,0.49999515347531975
7.78,1.0,1.000013298300189,0.49999515158200974
7.79,1.0,1.0000127722175458,0.4999951568227194
7.8,1.0,1.0000122528473057,0.4999951688472121
7.8100000000000005,1.0,1.0000117406215607,0.4999951873122157
7.82,1.0,1.000011235941272,0.49999521188159124
7.83,1.0,1.0000107391771833,0.49999524222647396
7.84,1.0,1.000010250670733,0.49999527802540356
7.8500000000000005,1.0,1.0000097707349653,0.49999531896443705
7.86,1.0,1.0000092996554404,0.4999953647372414
7.87,1.0,1.0000088376911385,0.4999954150451734
7.88,1.0,1.0000083850753605,0.4999954695973454
7.890000000000001,1.0,1.0000079420166226,0.49999552811067455
7.9,1.0,1.0000075086995435,0.49999559030991864
7.91,1.0,1.0000070852857237,0.4999956559277016
7.92,1.0,1.0000066719146166,0.4999957247045224
7.930000000000001,1.0,1.0000062687043896,0.4999957963887529
7.94,1.0,1.0000058757527746,0.49999587073662705
7.95,1.0,1.0000054931379074,0.49999594751221643
7.96,1.0,1.0000051209191558,0.4999960264873966
7.97,1.0,1.000004759137934,0.4999961074418048
7.98,1.0,1.0000044078185049,0.49999619016278646
7.99,1.0,1.000004066968769,0.499996274445333
8.0,1.0,1.0000037365810386,0.4999963600920147
