angle_rad,range_m
0.0,1.4681758907243503
0.1308996938995747,1.5530139362364166
0.2617993877991494,1.662588768714029
0.39269908169872414,1.8442703406260936
0.5235987755982988,2.132904560580763
0.6544984694978736,0.2
0.7853981633974483,2.7229854854973854
0.916297857297023,2.5774379797158673
1.0471975511965976,2.5037218936789976
1.1780972450961724,2.483733457687855
1.3089969389957472,2.4685906512829208
1.4398966328953218,2.5388807485425526
1.5707963267948966,2.6335987175002793
1.7016960206944713,2.7898404436091195
1.832595714594046,3.023422157615832
1.9634954084936205,3.3486646112001015
2.0943951023931953,3.4295899421390525
2.2252947962927703,3.130927155955845
2.356194490192345,2.8975377253056047
2.4870941840919194,2.7534671604891865
2.6179938779914944,2.658927258240709
2.748893571891069,2.62865424379022
2.8797932657906435,2.6461808816215266
3.010692959690218,0.3
3.141592653589793,2.8049331359784695
3.272492347489368,2.9715236091390915
3.4033920413889427,2.6686084360497797
3.5342917352885173,2.2650825607019356
3.665191429188092,2.0037667348375976
3.796091123087667,1.8119051705263618
3.926990816987241,1.6960153591503926
4.057890510886816,1.6032614067571274
4.1887902047863905,1.540675527759828
4.319689898685966,1.521239545594006
4.4505895925855405,1.5344677720982611
4.581489286485115,1.563884306119926
4.71238898038469,1.6191382885799896
4.843288674284264,1.7197140651283265
4.974188368183839,1.8705032916066742
5.105088062083413,2.0290319841992455
5.235987755982989,1.7937926225029013
5.3668874498825625,1.6166263849531588
5.497787143782138,1.5140053601122772
5.6286868376817125,1.4443037841331543
5.759586531581287,1.3937480292159046
5.8904862254808625,1.3852787636104404
6.021385919380436,1.3716270674773394
6.152285613280012,1.4035429978693437
